{"cameraMode":{"drawMode":0,"name":"Shaded","section":"Shading Mode"},"sceneLighting":true,"audioPlay":false,"sceneViewState":{"m_AlwaysRefresh":false,"showFog":true,"showSkybox":true,"showFlares":true,"showImageEffects":true,"showParticleSystems":true,"showVisualEffectGraphs":true,"m_FxEnabled":true},"in2DMode":false,"pivot":{"x":-26.938621520996095,"y":-13.789091110229493,"z":-30.186738967895509},"rotation":{"x":0.06817705184221268,"y":-0.9099308252334595,"z":0.1658714860677719,"w":0.3740072250366211},"size":22.685291290283204,"orthographic":false}