{"cameraMode":{"drawMode":0,"name":"Shaded","section":"Shading Mode"},"sceneLighting":true,"audioPlay":false,"sceneViewState":{"m_AlwaysRefresh":false,"showFog":true,"showSkybox":true,"showFlares":true,"showImageEffects":true,"showParticleSystems":true,"showVisualEffectGraphs":true,"m_FxEnabled":true},"in2DMode":false,"pivot":{"x":28.603559494018556,"y":-7.27896785736084,"z":-12.976921081542969},"rotation":{"x":-0.053367841988801959,"y":-0.8792128562927246,"z":0.10146741569042206,"w":-0.4624350070953369},"size":18.699508666992189,"orthographic":false}