{"cameraMode":{"drawMode":0,"name":"Shaded","section":"Shading Mode"},"sceneLighting":true,"audioPlay":false,"sceneViewState":{"m_AlwaysRefresh":false,"showFog":true,"showSkybox":true,"showFlares":true,"showImageEffects":true,"showParticleSystems":true,"showVisualEffectGraphs":true,"m_FxEnabled":true},"in2DMode":false,"pivot":{"x":11.031606674194336,"y":3.9628028869628908,"z":-7.964117050170898},"rotation":{"x":0.054791878908872607,"y":-0.9449580311775208,"z":0.2165863960981369,"w":0.23906594514846803},"size":15.571405410766602,"orthographic":false}