{"cameraMode":{"drawMode":0,"name":"Shaded","section":"Shading Mode"},"sceneLighting":true,"audioPlay":false,"sceneViewState":{"m_AlwaysRefresh":false,"showFog":true,"showSkybox":true,"showFlares":true,"showImageEffects":true,"showParticleSystems":true,"showVisualEffectGraphs":true,"m_FxEnabled":true},"in2DMode":false,"pivot":{"x":-114.32423400878906,"y":-33.580589294433597,"z":-81.86177825927735},"rotation":{"x":-0.058945219963788989,"y":0.8868110775947571,"z":-0.11802331358194351,"w":-0.44290831685066225},"size":76.56105041503906,"orthographic":false}